{
    "status":  "ok",
    "engine":  "pandapower",
    "mode":  "raw",
    "elapsed_sec":  0.020138400024734437,
    "result":  {
                   "bus_vmag_angle_pu":  {
                                             "node_5_0":  [
                                                              {
                                                                  "phase":  1,
                                                                  "V":  null,
                                                                  "angle_deg":  0.0,
                                                                  "Vpu":  1.0
                                                              }
                                                          ],
                                             "node_5_1":  [
                                                              {
                                                                  "phase":  1,
                                                                  "V":  null,
                                                                  "angle_deg":  2.323085549399076,
                                                                  "Vpu":  0.9407424267605493
                                                              }
                                                          ],
                                             "node_5_2":  [
                                                              {
                                                                  "phase":  1,
                                                                  "V":  null,
                                                                  "angle_deg":  3.8150675387621233,
                                                                  "Vpu":  0.9062691589822351
                                                              }
                                                          ],
                                             "node_5_3":  [
                                                              {
                                                                  "phase":  1,
                                                                  "V":  null,
                                                                  "angle_deg":  4.329406291573261,
                                                                  "Vpu":  0.894941645877114
                                                              }
                                                          ],
                                             "node_5_4":  [
                                                              {
                                                                  "phase":  1,
                                                                  "V":  null,
                                                                  "angle_deg":  2.815819424922729,
                                                                  "Vpu":  0.9291451260139154
                                                              }
                                                          ],
                                             "node_5_5":  [
                                                              {
                                                                  "phase":  1,
                                                                  "V":  null,
                                                                  "angle_deg":  3.330158177735169,
                                                                  "Vpu":  0.9175316848113827
                                                              }
                                                          ],
                                             "node_7_0":  [
                                                              {
                                                                  "phase":  1,
                                                                  "V":  null,
                                                                  "angle_deg":  149.8130452738475,
                                                                  "Vpu":  0.0005013820567481221
                                                              }
                                                          ],
                                             "node_7_1":  [
                                                              {
                                                                  "phase":  1,
                                                                  "V":  null,
                                                                  "angle_deg":  -163.01072996307465,
                                                                  "Vpu":  5.9347298410998742E-66
                                                              }
                                                          ],
                                             "node_7_2":  [
                                                              {
                                                                  "phase":  1,
                                                                  "V":  null,
                                                                  "angle_deg":  -161.73495004681996,
                                                                  "Vpu":  5.69734064745588E-65
                                                              }
                                                          ],
                                             "node_7_3":  [
                                                              {
                                                                  "phase":  1,
                                                                  "V":  null,
                                                                  "angle_deg":  -161.28053712388427,
                                                                  "Vpu":  5.2225622601678893E-65
                                                              }
                                                          ],
                                             "node_7_4":  [
                                                              {
                                                                  "phase":  1,
                                                                  "V":  null,
                                                                  "angle_deg":  -162.5964732617242,
                                                                  "Vpu":  1.6617243555079646E-65
                                                              }
                                                          ],
                                             "node_7_5":  [
                                                              {
                                                                  "phase":  1,
                                                                  "V":  null,
                                                                  "angle_deg":  -162.15488797728943,
                                                                  "Vpu":  6.6468974220318591E-65
                                                              }
                                                          ]
                                         }
               }
}
