{
    "status":  "ok",
    "engine":  "pandapower",
    "hours":  24,
    "elapsed_sec_total":  7.566188899974804,
    "series":  {
                   "min_vpu":  [
                                   0.0,
                                   8.0182941302765869E-51,
                                   5.9347298410998742E-66,
                                   5.9347298410998742E-66,
                                   5.9347298410998742E-66,
                                   0.0,
                                   null,
                                   5.9347298410998742E-66,
                                   0.0,
                                   0.0,
                                   0.0,
                                   0.0,
                                   0.0,
                                   0.0,
                                   0.0,
                                   0.0,
                                   0.0,
                                   0.0,
                                   0.0,
                                   0.0,
                                   0.0,
                                   0.0,
                                   null,
                                   null
                               ],
                   "max_vpu":  [
                                   1.0,
                                   1.0,
                                   1.0,
                                   1.0,
                                   1.0,
                                   1.0,
                                   null,
                                   1.0,
                                   1.0,
                                   1.0,
                                   1.0,
                                   1.0,
                                   1.0,
                                   1.0,
                                   1.0,
                                   1.0,
                                   1.0,
                                   1.0,
                                   1.0,
                                   1.0,
                                   1.0,
                                   1.0,
                                   null,
                                   null
                               ],
                   "P_loss_kW":  [
                                     14467.584516529596,
                                     14468.303416290297,
                                     14469.021822281431,
                                     14469.021822281431,
                                     14469.021822281431,
                                     14467.584516529596,
                                     null,
                                     14456.741477341926,
                                     14445.785553229029,
                                     14442.108180113213,
                                     14445.785553229029,
                                     14449.450181189059,
                                     14450.912478886485,
                                     14451.642868412746,
                                     14450.912478886485,
                                     14449.450181189059,
                                     14445.785553229029,
                                     14438.417989935357,
                                     14434.714912827236,
                                     14438.417989935357,
                                     14445.785553229029,
                                     14453.102131891508,
                                     null,
                                     null
                                 ],
                   "Q_loss_kvar":  [
                                       56247.28862324599,
                                       56250.7929431363,
                                       56254.29485518588,
                                       56254.29485518588,
                                       56254.29485518588,
                                       56247.28862324599,
                                       null,
                                       56194.43346765729,
                                       56141.02783467303,
                                       56123.102102988196,
                                       56141.02783467303,
                                       56158.891415273334,
                                       56166.01951912297,
                                       56169.57986825189,
                                       56166.01951912297,
                                       56158.891415273334,
                                       56141.02783467303,
                                       56105.11386957509,
                                       56087.06279372258,
                                       56105.11386957509,
                                       56141.02783467303,
                                       56176.69317589356,
                                       null,
                                       null
                                   ],
                   "under_voltage_bus_count":  [
                                                   11,
                                                   11,
                                                   11,
                                                   11,
                                                   11,
                                                   11,
                                                   null,
                                                   11,
                                                   11,
                                                   11,
                                                   11,
                                                   11,
                                                   11,
                                                   11,
                                                   11,
                                                   11,
                                                   11,
                                                   11,
                                                   11,
                                                   11,
                                                   11,
                                                   11,
                                                   null,
                                                   null
                                               ],
                   "over_voltage_bus_count":  [
                                                  0,
                                                  0,
                                                  0,
                                                  0,
                                                  0,
                                                  0,
                                                  null,
                                                  0,
                                                  0,
                                                  0,
                                                  0,
                                                  0,
                                                  0,
                                                  0,
                                                  0,
                                                  0,
                                                  0,
                                                  0,
                                                  0,
                                                  0,
                                                  0,
                                                  0,
                                                  null,
                                                  null
                                              ],